company_id,speciality
22292832,window replacement
22292832,patio door replacement
20300,Commercial Banking
20300,Retail Banking
20300,Mortgage
20300,Private Banking
20300,Trust Services
20300,Insurance
20300,Wealth Management
3570660,Advertising
3570660,Magazine
3570660,Community
3570660,Local Interest
3570660,Philanthropy
878353,Staff Augmentation
878353,Independent Contractor Compliance
878353,Subsurface Consultancy  Services
878353,Upstream Project/Facilities
878353,Project Support Services
878353,Downstream Facilities/Projects
878353,Financial/Operations
878353,HR/Administration
878353,"Health, Safety, Security & Environment"
729238,IT
729238,Consulting
729238,BPO
729238,RPO
766849,"Pharmaceutical Sales, Medical Device & Medical Sales"
766849,Business to Business
766849,Software Sales
766849,Marketing
766849,SaaS AI
766849,Aesthetics 
766849,Orthopedics
766849,Wound Care
766849,Parks and Recreation - Playground Sales
12828,premium coffee
12828,espresso & lattes
12828,real fruit smoothies
12828,baked from scratch pastries
12828,franchising
2934678,Contingent Staffing
2934678,Direct Hire
2934678,Workforce Management Solutions
2934678,Outsourcing
2934678,Technology 
2934678,Finance and Accounting
2934678,FinTech
2934678,Information Technology
2934678,Administrative
2934678,Payroll
2934678,Franchising 
2934678,Java
2934678,Blockchain
2934678,SalesForce
2934678,technology services
2934678,talent management
2934678,Azure
2934678,Data Engineering
2934678,AWS
15984730,ERP
15984730,PeopleSoft
15984730,Enterprise Automation Testing
15984730,PeopleSoft Campus Solutions
15984730,Human Capital Management
15984730,Financial Supply Chain Management
15984730,DW/BI
15984730,Augmented Reality
15984730,Virtual Reality
15984730,Cybersecurity
15984730,Cloud Hosting
15984730,Lean On IT Services
15984730,Advanced Analytics
15984730,Mobile App Development
15984730,Web App Development
15984730,Big Data
15984730,Artificial Intelligence
15984730,Executive Search
15984730,Staff Augmentation
34771607,Captive Insurance
34771607,Financial Planning
34771607,Wealth Management
34771607,Retirement Planning
34771607,Legacy Planning
34771607,Longevity Planning
34771607,Pre-Retirees
34771607,Business Owners
34771607,Family Offices
34771607,Behavioral Finance
34771607,Financial Literacy
34771607,Education Planning
34771607,Sudden Wealth
34771607,Insurance
34771607,Cash Management
34771607,Corporate Executives
34771607,Wealth Transfer
34771607,Special Needs Trusts
34771607,Risk Management
34771607,Estate Planning
947812,Uranium
947812,milling
947812,exploration
947812,development
947812,production
947812,Vanadium
6618000,TECHNOLOGY SOLUTIONS MANAGEMENT
6618000,GLOBAL EXECUTIVE RECRUITING
6618000,IT PROFESSIONAL RECRUITING
6618000,MANAGED SERVICES
5887,Contingency based IT Recruiting
5887,IT Recruiting
5887,IT Staffing
5887,IT Consulting
5887,Talent Delivery
5887,IT Contracting
5887,Managed Services
5887,IT Salary
16239240,Air Freight
16239240,Ocean Freight
16239240,Road Freight
16239240,Rail Freight
16239240,Multimodal transportation
16239240,Customs Brokerage
16239240,Customs Consulting
16239240,Warehousing
16239240,Lead Logistics Partner
16239240,International Supply Chain
16239240,Project Forwarding
16239240,Green Logistics
16239240,Cargo Insurance
16239240,Security Services
16239240,Temperature-controlled transportation
16239240,Logistics
75056372,Legal
75056372,Regulatory
75056372,Talent
23656,Staffing
23656,Recruiting
23656,Accounting and Finance
23656,Technology
23656,Administrative
23656,Call Center
23656,Human Resources
23656,Executive Search
23656,Sales
23656,Supply Chain
23656,Healthcare Revenue Cycle
23656,Marketing
23656,Management Resources
33218,CSS Tec
33218,CSS ProSearch
33218,CSS Professional Staffing
33218,CSS Accounting & Finance
33218,Peergenics
33218,CSSvSource
1712844,"Property Management,"
1712844,Construction Services
1712844,Compliance and Inspection Services
1712844,Due Diligence Services
1712844,Development
1712844,Commercial Real Estate
1712844,Asset Management
11056,IT Staffing
11056,Engineering Staffing
11056,Government Staffing
11056,Managed Services
11056,IT Outsourcing
11056,Recruitment Processing Outsourcing (RPO)
11056,Enhanced Staffing Solutions (ESS)
11056,Consultative Services
11056,Project & Program Management
11056,Recruiting
11056,Accounting and Finance Staffing
11056,Job Placement
11056,Contract Opportunities
11056,Jobs
11056,Careers
11056,Healthcare
11056,Sales
24440,Total Talent Solutions
24440,Tech Consulting Services
24440,Advisory and Implementation
24440,Direct Hire Recruitment
24440,Software Engineering Solutions
24440,Platform Modernization and Integration
24440,Data Modernization
24440,Customized Training and Talent Development
24440,Project-Based Services
24440,Talent Development
24440,"Cloud Enablement and Migration,"
4592,Bearings
4592,Seals
4592,Mechatronics
4592,Services
4592,Lubrication
4592,True Knowledge engineering company with five integrated platforms
33671,Food Nutrition Health
33671,Plant-Based Chemistry
33671,Human Food & Nutrition
33671,Animal Nutrition
33671,Pharmacy
33671,Paper & Cardboard
33671,Chemistry & Bioindustry
33671,Performance Plastics
33671,Starches
33671,Sugars
33671,Polyols
33671,Proteins
33671,Fibers
33671,Lipids
33671,Cosmetics
14158,IT and Engineering Staffing Solutions
14158,Government
14158,Banking and Financial Services Consulting
14158,Life Sciences Staffing
366025,Transportation
366025,Engineering
366025,Construction Management
366025,Architecture
366025,Procurement
366025,System Safety
366025,Project Management
366025,Mechanics
366025,Electricians
366025,Ironworkers
366025,Sheet Metal Workers
366025,HVAC
366025,Elevator and Escalator Mechanics
366025,Heavy Equipment Mechanics
366025,Masons
366025,Carpenters
366025,Logistics
366025,Warehousing
366025,Transportation Management
366025,Information Technology
6213,Identification solutions
6213,workplace safety
6213,brand protection
6213,lockout/tagout
6213,manufacturing/lean
6213,sustainability
6213,safety solutions
6213,lean 5s
6213,lean manufacturing
6213,printing
6213,labels
4433,Employer of Record Services
4433,Digital Marketing
4433,Graphic Design
4433,Freelance Recruitment
4433,Extended Workforce Services
4433,Marketing Talent
4433,Creative Talent
4433,Marketing Staffing
4433,Creative Staffing
4433,Web Development
4433,Staffing
4433,Web Development Staffing
4433,UX Staffing
4433,Professional Development
4433,Content Marketing
4433,Creative Studio
4433,UI Staffing
4433,UI
4433,UX
4433,Project Management Cloud Solution
4787,IT Staffing
4787,Workforce Solutions
4787,Consulting Services
4787,Career Resources
65294553,Executive Search
65294553,Staffing agencies
65294553,Technology Staffing & Solutions
65294553,Staffing Services
65294553,Pharma
65294553,Healthcare
65294553,Human Resources
65294553,Finance
65294553,Banking
65294553,Engineering
65294553,Manufacturing
65294553,Life Sciences
65294553,Sales & Marketing
65294553,HR Consulting
65294553,Recruitment
65294553,Hiring
65294553,Jobs
65294553,Independent Contractor Services
65294553,Automotive
65294553,Food
65294553,Placement Services
65294553,Contingency Search
65294553,Head Hunting
90869,Financial Recruitment
90869,Human Resources Recruitment
90869,Candidate Selection
90869,Office Administration & Customer Care Recruitment
90869,Finance
90869,Tax
90869,Treasury
90869,Executive Assistants
90869,Executive Assistant Recruiting
90869,Leadership Selection
90869,Staffing Strategy
90869,Staffing
90869,Accounting Recruitment
74827,ERP
74827,CRM
74827,SAP
74827,PEOPLESOFT
74827,ORACLE
74827,LAWSON
74827,JD EDWARDS
74827,MICROSOFT DYNAMICS
74827,Cloud
74827,ERP Consulting
74827,CRM Consulting
74827,BI Consulting
74827,SAP Consulting
74827,Staff Augmentation
74827,Cloud Migration
74827,S/4HANA
74827,Office 365
74827,Oracle Consulting
74827,RPA
74827,AI
5396873,Tech Recruitment
5396873,Graduate Recruitment
5396873,Disruption
5396873,Recruiting
5396873,Technology
99410085,Synthetic Nitrile Latex
99410085,Textured Surface Gloves
99410085,Ambidextrous Beaded Cuff
99410085,Chlorinated/Polymer Coated 
99410085,Chemical Resistance 
99410085,Puncture resistance 
99410085,Chemotherapy Drug Tested 
99410085,Hypoallergenic 
99410085,ASTM/ ISO/ FDA approved
99410085,Medical
99410085,Healthcare
99410085,Dental
99410085,Veterinary
99410085,Research Lab
99410085,Safety
99410085,Nursing Home
99410085,Hygiene Spa
99410085,Beauty Services 
99410085,Food Safety Gloves 
99410085,Industrial services 
99410085,Cleaning services 
99410085,OSHA standards 
261933,Talent Acquisition & Retention
261933,HR Managed Services
261933,End-to-End Mobility Solutions
261933,Engineering Services
261933,Cloud
261933,Data and Analytics
261933,Digital Transformation
164376,Product Engineering Services
164376,Business Application Services
164376,Data Sciences
164376,Cloud Enablement
164376,Artificial Intelligence
164376,Machine Learning
164376,Intelligent Process Automation
164376,Consulting Services
164376,Healthcare Business Solutions
164376,Talent Solutions
164376,Workforce Management Solutions
164376,Digital Transformation
36226,Cleveland
36226,Jewish
36226,charity
36226,philanthropy
36226,Israel
36226,non-profit
36226,giving
50861,Consulting
50861,Outsourcing
50861,Vendor Management System(VMS)
50861,Managed Service Provider(MSP)
50861,Staff Augmentation
50861,Healthcare IT (Epic)
50861,AllScripts
50861,Cerner
50861,Eclipsys
50861,Others
1054905,Plastics
1054905,Materials Company
1054905,Polymers
1054905,Latex Coatings
1054905,Latex Adhesives
1054905,Resins
1054905,Manufacturing
1054905,Chemicals
1054905,Thermoplastics
1054905,Polycarbonate
1054905,High Performance Materials
1054905,Automotive
1054905,Footwear
1054905,Electronics
1054905,Bioplastics
1054905,Carpet and Textiles
1054905,Styrene
1054905,Latex Binders
1054905,Acrylic glass
1054905,PMMA
1054905,Methyl Methacrylate
1054905,Polymethyl Methacrylate
2855513,Dedicated Truckloads
2855513,Expedited Freight
2855513,Temperature Controlled Solutions
2855513,Specialized Haul
2855513,Brokerage
2855513,Drayage
649827,Recruitment
649827,Pharmaceutical
649827,Clinical Operations
649827,Medical
649827,Pharmacovigilance
649827,Data & Biometrics
649827,Medical Communications
649827,Medical Writing
649827,Account Management
649827,Client Services
649827,Regulatory Affairs
649827,Healthcare Advertising
649827,Healthcare PR
649827,Digital
649827,Pharmaceutical Marketing
649827,Medical Devices
649827,Quality Assurance
24803,Staffing
24803,Information Technology
24803,Finance and Accounting
24803,Consulting
13345578,staffing
13345578,H1B sponsorship
13345578,software services
98504846,Affordable Housing
98504846,Property Management
56833,IT Staffing / Consulting
56833,.NET
56833,Mainframe
56833,Unix
56833,Linux
56833,Oracle
56833,SQL
56833,SAP
56833,PeopleSoft
56833,Project Management
56833,Business Analysis
56833,Java/J2EE
1705516,commercial real estate investments
1705516,Multifamily Communities
1705516,Industrial and Office Flex Portfolios
1705516,Office Buildings
1705516,Value-Add Properties
1705516,Family-Office Investors
1705516,Institutional Real Estate Investors
203227,HR Outsourcing
203227,Hiring Management
203227,Recruiting Strategies
203227,On- & Off-Boarding Processes
203227,HR Audits
203227,HR Administration
203227,Employee Relations
203227,Employee Handbooks
203227,Customized HR Projects
203227,HR Start-Up Programs
203227,Applicant Attraction
203227,Government Regulatory Issues & Compliance 
203227,Talent Management
203227,Employee Engagement
203227,Employee Retention
203227,Employee Productivity
203227,Workforce Management
203227,Human Resources
27021761,IT consulting
27021761,IT development
27021761,IT architecture
27021761,b2b software developers 
27021761,self-serve BI
27021761,business intelligence
27021761,IT staffing
27021761,IT advisory
27021761,application development
27021761,data governance & security
27021761,AHRQ Quality Indicators
27021761,cognitive analytics
27021761,data security
27021761,RPA
5304844,Construction
5304844,Project Management
5304844,Consulting
5304844,General Contractor 
356432,Janitorial Services
356432,Critical Cleaning of Cleanrooms and Data Centers
356432,Healthy High Performance Green Cleaning
356432,Carpet Cleaning
356432,Window Cleaning
356432,Staffing Services
356432,Facilities Management
356432,Building Services
356432,TFM
356432,Cleanroom Cleaning
356432,Data Center Cleaning
356432,Cleanroom
356432,Data Center
356432,Compounding Pharmacy
356432,H2o2 Fogging
356432,Hydrogen Peroxide Fogging 
356432,Facilities Maintenance 
356432,Engineering
30104,Accounting and Finance
30104,Information Technology
30104,Human Resource
30104,ERP / SAP / Oracle / PeopleSoft
30104,Office Administration
30104,Legal 
4674,The Exelon family of companies strives for the highest standards of power generation
4674,competitive energy sales and energy delivery. We are committed to providing superior value for our customers
4674,employees
4674,investors and the communities we serve.
8913985,Presentation Software
8913985,Software Development
8913985,Media Servers
8913985,Church Worship Software
8913985,Scoreboard Software
8913985,Playout Server
8913985,Video Production
8913985,Church Lyric Software
8913985,Video Walls
8913985,Video Mapping
8913985,Video Staging and Design
8913985,Projection Mapping
8913985,LED Walls
8913985,Digital Signage
15457223,radiology
15457223,teleradiology
15457223,urgentcare
15457223,b-readers
15457223,NIOSH
15457223,xray
15457223,mobile xray
15457223,ultrasound
15457223,echocardiograms
15457223,age of injury
397597,Employee Discounts
397597,Corporate Perks
397597,Affinity Discounts
397597,Employee Engagement
397597,Human Resources
397597,Voluntary Benefits
397597,Technology
5117988,Safety Training
5117988,Technical Resource
5117988,Local Government Assistance
5117988,Concrete
5117988,Aggregate
5117988,Ready Mix Concrete
5117988,Concrete Industry
5117988,Promotion
5117988,Education
5117988,Indiana Concrete
5117988,Networking
5117988,Concrete Culture
53255,I.T. professional services
53255,Contracting
53255,Recruitment
53255,Staffing
53255,Consulting
970538,recruitment
970538,contract
970538,permanent
970538,digital
970538,Marketing
970538,search. head hunting
970538,Sales
970538,contracting
970538,career advice
970538,freelance
970538,Creative 
970538,Techjobs
970538,jobs 
970538,hiring
970538,HR
970538,Careers
970538,Technical
970538,Consulting
970538,staffing
970538,employment
970538,digital transformation
970538,data
970538,supply chain
970538,people
9372063,Power & Transmissions
9372063,Renewable Energy
9372063,Smart
9372063,Energy Technology
9372063,Power Generation
9372063,Wind
9372063,Solar
9372063,offshore
9372063,PV
9372063,Construction
9372063,Development
9372063,Building Automation
9372063,T&D
9372063,Cable Installation
9372063,Substation
9372063,Asset Management
9372063,O&M
9372063,Maintenance
9372063,Electric vehicles
9372063,Energy storage
9372063,Hydrogen
15506,Digital
15506,Technology
15506,Data
15506,Systems Integration
15506,Payments
15506,Engineering
15506,ESG
15506,Sustainable Finance
15506,Innovation
15506,Digital Transformation
15506,Cloud & DevOps
15506,Consulting
15506,Artificial Intelligence
2254994,Finance and Accounting Permanent Placement
2254994,Human Resources Permanent Placement
2254994,Technology Permanent Placement
2254994,Temporary Staffing
2254994,Corporate Strategy and Development
2254994,Compliance/Legal/Risk
2254994,Office Support
2254994,Life Sciences
2254994,Healthcare
48024,Engineering & Procurement
48024,Fabrication
48024,Maintenance
48024,Turnarounds
48024,Sustainability Solutions
48024,Nuclear
48024,EPC Projects
48024,Digital Project Delivery
48024,Analysis and Simulation
65647,Contingent Labor
65647,Contingent-to-Permanent
65647,SOW resource provider.
213746,Engineering
213746,Manufacturing
213746,Operations
213746,accounting
213746,finance
213746,quality
213746,human resources
213746,consumer electronics
213746,medical devices
213746,pharmaceutical
213746,biomedical
213746,automotive
213746,biopharmaceutical
213746,recruiters
213746,recruiting
213746,fpcjobs
213746,fortune personnel consultants
213746,fpc
213746,marketing
213746,sales
213746,vice presidents
213746,directors
213746,executive recruiter
1381506,K-12
1381506,Healthcare
1381506,Higher Education
1381506,Retail/Office
1381506,Industrial
1381506,Government
1381506,Faith-Based
146782,IT
146782,Engineering
146782,Digital
146782,Life Sciences 
146782,Consulting
16169840,"We specialize in Permanent and Temporary contingency based staffing for the Financial Services, Finance/Accounting, FinTech and Technology industries."
612698,Health Care
612698,Mental Health
612698,Substance Abuse
612698,Developmental
612698,intellectual disability
770551,Emergency Medical Service
770551,Behavioral Health Unit
770551,Home Health Care
770551,Hospice Services
770551,Rehabilitation Services
770551,Orthopedics
770551,Hospital Based Clinics
770551,Hyperbaric and Wound Treatment
770551,Claude Parrish Cancer Center
770551,Internal Medicine
770551,Labor & Delivery
35123,Airports
35123,Airline Service
35123,Travel
35123,air
35123,aviation
13333,Accounting
13333,Finance
13333,temporary
13333,temp-to-hire
13333,direct hire
13333,executive search
13333,accounts payable
13333,accounts receivable
13333,Credit and Collections
13333,Payroll Specialists
13333,Bookkeeper
13333,Accountants
13333,Financial Analysts
13333,Controllers
13333,CFO
1404653,Local Moving
1404653,Long Distance Moving
1404653,International Moving
1404653,Storage
1404653,B2B Supply Chain Services
1404653,Packing
1404653,Relocation
777243,Accounting
777243,Compliance
777243,Financial Services
777243,Administrative Services
777243,Consulting
777243,Staffing
777243,Recruiting
777243,Banking
777243,CFO
777243,Human Resources
777243,SOX
777243,Financial Reporting
777243,Temporary employment
777243,Healthcare
777243,Legal
777243,Risk
777243,Information Technology
777243,Employment
777243,Search
468898,Healthcare Solutions & Informatics for Plans
468898,Insights and Analytics for Providers
468898,EDW Design and deployment (ETL&BI)
468898,Application Development
468898,ERP - SAP & Oracle
468898,Reporting for Medicare and Medicaid
24996269,Vein Disease
24996269,Vacular 
24996269,General Surgery
24996269,Healthcare
24996269,Interventional
24996269,CVI
24996269,CVD
24996269,Chronic Vein Disease
24996269,Chronic Venous Insufficiency
24996269,OBL
164126,Commercial Banking
164126,Personal Banking
164126,Small Business Banking
10638654,Skilled Nursing
10638654,Short Term Rehabilitation
10638654,Long Term Care
46970,Staffing and Recruiting specialists
46970,CRO Clinical research & Data management
46970,Engineering & Management
46970,Information Technology
46970,Quality control & Customer service
46970,Healthcare & Nursing
46970,Life Sciences
46970,Pharmaceutical & Medical devices
46970,Regulatory & Drug development
46970,Land your dream job today
46970,Find a Staffing Agency
46970,staffing solutions
46970,Workforce Services
46970,Find Candidates Faster
1552586,Engineering & Information Technology
1552586,Logistics & Transportation
1552586,Professional Services
1552586,Medical Support Services
1552586,Technical Data Support Services
22448914,Consulting
22448914,Training
22448914,Operations
22448914,Risk Management and Security
22448914,Construction
22448914,Logistical Support
22448914,Manufacturing
22448914,"Service, Support and Maintenance"
165464,Internet of Things
165464,API management
165464,Mobile
165464,Big Data & Analytics
165464,Chatbots
165464,Digitization of Enterprise IT
165464,website development
165464,creative agency
165464,digital strategy
165464,systems integrator
165464,digital agency
165464,MarTech
165464,Data Tech
165464,Cloud Technologies
165464,Supply Chain
165464,Payment Technologies
165464,Artificial Intelligence
165464,Machine Learning
165464,Generative AI
165464,Managed Sevices
47024,Staffing & recruiting
47024,Non-traditional employment
47024,Executive Search
47024,Retention
47024,Flexible Jobs
47024,Supplier diversity
47024,Professional jobs
47024,Talent acquisition
47024,RPO
47024,Talent Acquisition Partner
47024,Accounting
47024,Finance
47024,Human Resources
47024,Marketing
47024,WBENC
47024,WOSB
100977746,Healthcare
100977746,Information Technology
100977746,Engineering 
10126963,Front End Development
10126963,Contract Staffing
10126963,Recruitment Firm
10126963,SAP
10126963,Enterprise
10126963,IT
10126963,Information Technology
10126963,Software Technology
10126963,Software
10126963,Quality Assurance
10126963,Help Desk
10126963,IT Consulting
10126963,Workday
10126963,Enterprise Systems
10126963,Tech Staffing
10126963,IT Staffing
10126963,Core Technology
10126963,Cybersecurity
10126963,Enterprise Technology
8323,CAE Simulation and Optimization Technology
8323,HPC and On-demand Computing
8323,Product Engineering and Development
8323,Industrial Design and Product Strategy Consulting
8323,Technical Staffing Services
8323,Business and Engineering Analytics Solutions
8323,Internet of Things
8323,Data Science
8323,data analytics
143796,Accounting
143796,Healthcare
143796,Engineering
143796,Banking
143796,IT
143796,Legal
143796,Human Resources
143796,Insurance
143796,Sales
143796,Administrative
143796,Manufacturing
143796,Marketing
143796,Management
109785,Organic Trace Minerals
109785,Health Through Nutrition
109785,Performance Minerals®
109785,Animal Nutrition
109785,Animal Feed
109785,Dairy
109785,Peer-Reviewed Research
109785,Equine
109785,Beef
109785,Poultry
109785,Swine
109785,Companion Animal
109785,Aquaculture
109785,Lameness Prevention
109785,Proven Science
9280354,System modernization and Integration 
9280354,Data Management & Analytics 
9280354,Emerging Technology Adoption Strategic 
9280354,Strategic Consulting Services
9280354,Digital Transformation
9280354,Emerging Technology Adoption
9280354,Infrastructure & Cloud Implementation
9280354,Artifical Intelligence
9280354,Block Chain
9280354,Cloud Migrations
9280354,CyberSecurity
3638332,IT Staffing
3638332,IT Consultant
3638332,Global Talent Management
3638332,Project Management
680248,Premium Ice Coolers
680248,Ice Chests
680248,Outdoors
680248,Sporting Goods
680248,Consumer Goods
1056670,IT CONSULTING
1056670,CLOUD COMPUTING
1056670,CREATIVE SERVICES
1056670,ITIS
1056670,MOBILE APPLICATION DESIGN AND DEVELOPMENT
1056670,UI-UX & CUSTOMER EXPERIENCE DESIGN SERVICE
18298504,Mortgage
13331595,Business and Project Consulting
13331595,Software and App Development
13331595,BPO and Outsourcing Services
13331595,Product and Engineering Services
13331595,IT Services
13331595,IT Consulting
705539,Medical Device
705539,IT and Engineering Services in the US and Mexico.
705539,Pharmacutical
705539,Biotechnology
705539,Engineering
705539,Manufacturing
705539,Industrial Engineering
705539,Mechanical Engineering
705539,Process Engineering
705539,OPEX Consultative Services
705539,Facilities Engineering
705539,Facilities Management
705539,Quality Engineering
705539,Supplier Quality Audits
705539,ASQ Certified Auditors
705539,Quality Remediation
705539,Validation Engineering
705539,Commissioning and Qualifying a cleanroom/startup
705539,CAPA Investigations & Documentation
705539,Supply Chain Planning and Procurement
705539,"Process, Product, Equipment and Software Validation"
705539,Project Management and Planning
705539,Product/Process Development
705539,NPI
705539,R&D
705539,Microbiology
705539,Bio-technologies
705539,Network Switch Refresh/Replacement 
705539,VoIp Installation and Configuration
705539,Site Survey & Development Services in Support of e911
705539,SDWAN Segmentation and Configuration
705539,Advanced Technologies and IT Solution Engineering Services
705539,TelCom Equipment Upgrade and Installations
705539,Data Center Architect/Engineering Support
705539,Organizational Development/Change Management
705539,Packaging and Labeling Engineering
705539,Advanced Technologies
705539,Embedded Systems/Software Engineering
705539,SAP
705539,ERP
705539,Project Work - SOW
705539,Talent Management Solutions 
705539,Global Workforce Solutions
705539,Global Engineering Leader
705539,Headhunting
705539,Data Science
705539,Servicios Especializados
934588,Semiconductor Design and Manufacturing
934588,Microcontrollers MCU
934588,Analog
934588,Power Management
934588,ADAS
934588, IoT Solutions
934588,Automotive
934588,Home Electronics
934588,Office Automation
934588,Information Communication Technology
28498,Orthopedics
28498,Neurosciences
28498,Heart & Vascular
28498,Cancer Care
28498,Home Health
28498,Behavioral Health
28498,Primary Care
28498,Women's Health
28498,Inpatient Rehabilitation
28498,Durable Medical Equipment
2911058,"Formulary, Policy & Restriction Transparency"
2911058,Mobile Formulary Search Application
2911058,Launch Commercialization Guidance
2911058,Formulary Management & Publishing
10620373,University Recruiting
